{
    "Ripple_Prices": "Ripple Prices",
    "Ripple_MR_Profit": 0.3943933915054163,
    "Ripple_MR_Returns": 0.17798764212295964,
    "Ripple_MA_Profit": 0.8091087605699918,
    "Ripple_MA_Returns": 0.3651464847450554,
    "Bitcoin-cash_Prices": "Bitcoin-cash Prices",
    "Bitcoin-cash_MR_Profit": 203.22947548188108,
    "Bitcoin-cash_MR_Returns": 0.3678725493071073,
    "Bitcoin-cash_MA_Profit": 202.9890181609186,
    "Bitcoin-cash_MA_Returns": 0.367437289375189,
    "Eos_Prices": "Eos Prices",
    "Eos_MR_Profit": -0.14854278200339793,
    "Eos_MR_Returns": -0.14024362484264777,
    "Eos_MA_Profit": -0.8770908104145227,
    "Eos_MA_Returns": -0.6619963993771821,
    "Litecoin_Prices": "Litecoin Prices",
    "Litecoin_MR_Profit": 62.8824976461747,
    "Litecoin_MR_Returns": 0.5679653073151402,
    "Litecoin_MA_Profit": 78.07747980989306,
    "Litecoin_MA_Returns": 0.7052089448504151,
    "Ethereum_Prices": "Ethereum Prices",
    "Ethereum_MR_Profit": -350.81342741179924,
    "Ethereum_MR_Returns": -0.09447448749242965,
    "Ethereum_MA_Profit": 618.3275987565466,
    "Ethereum_MA_Returns": 0.1665163828703116,
    "Bitcoin_Prices": "Bitcoin Prices",
    "Bitcoin_MR_Profit": -16339.875002033557,
    "Bitcoin_MR_Returns": -0.16783988224592253,
    "Bitcoin_MA_Profit": 9844.501084090094,
    "Bitcoin_MA_Returns": 0.10112071864184415
}