{
    "ripple_Prices": "Ripple Prices",
    "ripple_MR_Profit": 0.3943933915054163,
    "ripple_MR_Returns": 0.17798764212295964,
    "ripple_MA_Profit": 0.8091087605699918,
    "ripple_MA_Returns": 0.3651464847450554,
    "bitcoin-cash_Prices": "Bitcoin-cash Prices",
    "bitcoin-cash_MR_Profit": 203.22947548188108,
    "bitcoin-cash_MR_Returns": 0.3678725493071073,
    "bitcoin-cash_MA_Profit": 202.9890181609186,
    "bitcoin-cash_MA_Returns": 0.367437289375189,
    "eos_Prices": "Eos Prices",
    "eos_MR_Profit": -0.14854278200339793,
    "eos_MR_Returns": -0.14024362484264777,
    "eos_MA_Profit": -0.8770908104145227,
    "eos_MA_Returns": -0.6619963993771821,
    "litecoin_Prices": "Litecoin Prices",
    "litecoin_MR_Profit": 62.8824976461747,
    "litecoin_MR_Returns": 0.5679653073151402,
    "litecoin_MA_Profit": 78.07747980989306,
    "litecoin_MA_Returns": 0.7052089448504151,
    "ethereum_Prices": "Ethereum Prices",
    "ethereum_MR_Profit": -350.81342741179924,
    "ethereum_MR_Returns": -0.09447448749242965,
    "ethereum_MA_Profit": 618.3275987565466,
    "ethereum_MA_Returns": 0.1665163828703116,
    "bitcoin_Prices": "Bitcoin Prices",
    "bitcoin_MR_Profit": -16339.875002033557,
    "bitcoin_MR_Returns": -0.16783988224592253,
    "bitcoin_MA_Profit": 9844.501084090094,
    "bitcoin_MA_Returns": 0.10112071864184415
}